,precision_cv_mean,precision_cv_std
0,0.9829545454545453,0.01503267790377607
