,precision_cv_mean,precision_cv_std
0,0.9392103359603359,0.04536050870265678
