,precision_cv_mean,precision_cv_std
0,0.9567044665574077,0.042635331623968965
