,precision_cv_mean,precision_cv_std
0,0.9283477880144546,0.04601437586503868
