,precision_cv_mean,precision_cv_std
0,0.9822314049586776,0.01492378317441525
