,precision_cv_mean,precision_cv_std
0,0.9825174825174823,0.014971133541567736
