,precision_cv_mean,precision_cv_std
0,0.9822727272727271,0.01493097064150621
