,precision_cv_mean,precision_cv_std
0,0.9833333333333333,0.015075567228888169
