,precision_cv_mean,precision_cv_std
0,0.9824915824915822,0.014967077960197204
