,precision_cv_mean,precision_cv_std
0,0.9536486414819747,0.043274969138811646
