,precision_cv_mean,precision_cv_std
0,0.9822222222222222,0.01492216994959141
