,precision_cv_mean,precision_cv_std
0,0.9830303030303028,0.015042028661807084
