,precision_cv_mean,precision_cv_std
0,0.9518169066383351,0.04395390869650322
