,precision_cv_mean,precision_cv_std
0,0.9848484848484848,0.01515151515151514
