,precision_cv_mean,precision_cv_std
0,0.9571209689781117,0.042513280523815034
