,precision_cv_mean,precision_cv_std
0,0.9822510822510819,0.014927220475815283
