,precision_cv_mean,precision_cv_std
0,0.9324756180638534,0.045377619500412573
