,precision_cv_mean,precision_cv_std
0,0.993939393939394,0.01212121212121211
