,precision_cv_mean,precision_cv_std
0,0.9553388220575719,0.04292992145195759
