,precision_cv_mean,precision_cv_std
0,0.9878787878787879,0.014845392380504098
