,precision_cv_mean,precision_cv_std
0,0.9827272727272726,0.015002295508468549
