,precision_cv_mean,precision_cv_std
0,0.9824242424242423,0.014956318399094613
