,precision_cv_mean,precision_cv_std
0,0.9863636363636362,0.015075567228888167
