,precision_cv_mean,precision_cv_std
0,0.9344761308650198,0.04513957245539201
