,precision_cv_mean,precision_cv_std
0,0.9190542790542789,0.05144782825439592
