,precision_cv_mean,precision_cv_std
0,0.9585889043206116,0.04242794112923593
