,precision_cv_mean,precision_cv_std
0,0.9824046920821113,0.01495313640349789
