,precision_cv_mean,precision_cv_std
0,0.9588911221054078,0.04231689347313938
