,precision_cv_mean,precision_cv_std
0,0.9495091162398855,0.044598677467161146
