,precision_cv_mean,precision_cv_std
0,0.9591792832490507,0.04220872352235893
