,precision_cv_mean,precision_cv_std
0,0.9191805416805416,0.051466600019317695
