,precision_cv_mean,precision_cv_std
0,0.944767881072229,0.04498723129452381
