,precision_cv_mean,precision_cv_std
0,0.9826446280991734,0.014990377807617387
