,precision_cv_mean,precision_cv_std
0,0.9599685942077246,0.04190085500540391
