,precision_cv_mean,precision_cv_std
0,0.9823691460055094,0.014947283709366965
