,precision_cv_mean,precision_cv_std
0,0.9200643800643801,0.051589159226396
