,precision_cv_mean,precision_cv_std
0,0.9825454545454544,0.014975462023253807
