,precision_cv_mean,precision_cv_std
0,0.9821892393320963,0.014916327452498527
