,precision_cv_mean,precision_cv_std
0,0.982296650717703,0.01493507796951765
