,precision_cv_mean,precision_cv_std
0,0.9207377653210987,0.046761732936568365
