,precision_cv_mean,precision_cv_std
0,0.9465641688558355,0.04497687780726833
