,precision_cv_mean,precision_cv_std
0,0.9840909090909089,0.015132563905634968
