,precision_cv_mean,precision_cv_std
0,0.9575143323754435,0.042393930315992284
