,precision_cv_mean,precision_cv_std
0,0.9597171840505175,0.04200077169039197
