,precision_cv_mean,precision_cv_std
0,0.9260003356431928,0.04626171067584681
