,precision_cv_mean,precision_cv_std
0,0.9824451410658306,0.014959690840688204
