,precision_cv_mean,precision_cv_std
0,0.9190938135938136,0.04833627620311727
