,precision_cv_mean,precision_cv_std
0,0.957912881465513,0.04247356610292698
