,precision_cv_mean,precision_cv_std
0,0.982181818181818,0.014915002523482244
