,precision_cv_mean,precision_cv_std
0,0.9823863636363634,0.014950129448383235
