,precision_cv_mean,precision_cv_std
0,0.9822134387351779,0.014920621413578545
