,precision_cv_mean,precision_cv_std
0,0.9825757575757575,0.014980090858549372
