,precision_cv_mean,precision_cv_std
0,0.9826839826839824,0.014996110888042211
