,precision_cv_mean,precision_cv_std
0,0.9831168831168828,0.015052241256029174
