,precision_cv_mean,precision_cv_std
0,0.9369678177572914,0.04531768094694342
