,precision_cv_mean,precision_cv_std
0,0.9822843822843821,0.014932976576267553
