,precision_cv_mean,precision_cv_std
0,0.990909090909091,0.013886593015017686
