,precision_cv_mean,precision_cv_std
0,0.9232917367532754,0.04639811841658374
