,precision_cv_mean,precision_cv_std
0,0.9430837764928675,0.045172933110703944
