,precision_cv_mean,precision_cv_std
0,0.9828282828282825,0.015016231057897466
