,precision_cv_mean,precision_cv_std
0,0.9507057482983409,0.04428054173325337
