,precision_cv_mean,precision_cv_std
0,0.9823095823095821,0.014937281723410955
