,precision_cv_mean,precision_cv_std
0,0.9577189927189927,0.042435310589767336
