,precision_cv_mean,precision_cv_std
0,0.9854545454545452,0.015139389087026407
