,precision_cv_mean,precision_cv_std
0,0.9560423358908209,0.042783860606240676
