,precision_cv_mean,precision_cv_std
0,0.9827751196172247,0.015008982910390536
