,precision_cv_mean,precision_cv_std
0,0.9594543461588918,0.042103371413832996
