,precision_cv_mean,precision_cv_std
0,0.9528514333686747,0.04362216914156559
