,precision_cv_mean,precision_cv_std
0,0.9608736707736709,0.04152656403430878
