,precision_cv_mean,precision_cv_std
0,0.9824675324675324,0.014963270937406367
