,precision_cv_mean,precision_cv_std
0,0.9836363636363635,0.01510295247803285
