,precision_cv_mean,precision_cv_std
0,0.9823529411764703,0.014944586751317764
