,precision_cv_mean,precision_cv_std
0,0.96020930606037,0.041803549477517236
