,precision_cv_mean,precision_cv_std
0,0.9192391783300875,0.047063267812499324
