,precision_cv_mean,precision_cv_std
0,0.9580968271993912,0.042509010492780205
