,precision_cv_mean,precision_cv_std
0,0.9826086956521739,0.014985051075744842
