,precision_cv_mean,precision_cv_std
0,0.9822050290135396,0.014919133776305077
