,precision_cv_mean,precision_cv_std
0,0.9300861522736522,0.0455123697643811
