,precision_cv_mean,precision_cv_std
0,0.9823376623376621,0.014942027362635224
