,precision_cv_mean,precision_cv_std
0,0.9828877005347592,0.015024105173408527
