,precision_cv_mean,precision_cv_std
0,0.9838383838383836,0.015117807623329043
