,precision_cv_mean,precision_cv_std
0,0.9822410147991542,0.014925465196382897
