,precision_cv_mean,precision_cv_std
0,0.9200369383702718,0.04962952696121419
