,precision_cv_mean,precision_cv_std
0,0.9821969696969696,0.014917703535996365
