,precision_cv_mean,precision_cv_std
0,0.92006438006438,0.051589159226396
