,precision_cv_mean,precision_cv_std
0,0.9844155844155843,0.015145329597000764
