,precision_cv_mean,precision_cv_std
0,0.9823232323232322,0.014939595411867701
