,precision_cv_mean,precision_cv_std
0,0.9832167832167831,0.015063398061914684
