,precision_cv_mean,precision_cv_std
0,0.9606612548449285,0.04161647791567143
