,precision_cv_mean,precision_cv_std
0,0.9188859288859288,0.05142230631455021
