,precision_cv_mean,precision_cv_std
0,0.9482167536167537,0.04490393141144818
