,precision_cv_mean,precision_cv_std
0,0.9834710743801652,0.015088775688847538
