,precision_cv_mean,precision_cv_std
0,0.9582715756465756,0.042541918617064654
