,precision_cv_mean,precision_cv_std
0,0.9545899202350815,0.04307223666860679
