,precision_cv_mean,precision_cv_std
0,0.9822616407982259,0.014929053863062924
