,precision_cv_mean,precision_cv_std
0,0.9412392810011857,0.04530367388723438
