,precision_cv_mean,precision_cv_std
0,0.8661818181818183,0.18629566232736874
