,precision_cv_mean,precision_cv_std
0,0.949784715845322,0.08644780740013264
