,precision_cv_mean,precision_cv_std
0,0.9373438084549196,0.11140489502105783
