,precision_cv_mean,precision_cv_std
0,0.9423201714110804,0.1023379989296014
