,precision_cv_mean,precision_cv_std
0,0.9099738121960343,0.14894511155961632
