,precision_cv_mean,precision_cv_std
0,0.9441863075196408,0.09865876930960545
