,precision_cv_mean,precision_cv_std
0,0.9546595203738061,0.07385113807509373
