,precision_cv_mean,precision_cv_std
0,0.9199265381083562,0.13712753481142992
