,precision_cv_mean,precision_cv_std
0,0.9318698092031426,0.1203562562996102
