,precision_cv_mean,precision_cv_std
0,0.9532565969775273,0.07771729406774702
