,precision_cv_mean,precision_cv_std
0,0.7172053872053873,0.21976049238399478
