,precision_cv_mean,precision_cv_std
0,0.947118807118807,0.09250615381480212
