,precision_cv_mean,precision_cv_std
0,0.9482918069584736,0.08990053968799676
