,precision_cv_mean,precision_cv_std
0,0.9510288065843622,0.08344108881011533
