,precision_cv_mean,precision_cv_std
0,0.9520814987481654,0.08079464868355954
