,precision_cv_mean,precision_cv_std
0,0.8001705948372614,0.21481407859967874
