,precision_cv_mean,precision_cv_std
0,0.9339225589225589,0.11710971234721895
