,precision_cv_mean,precision_cv_std
0,0.9236588103254771,0.1322313412920045
