,precision_cv_mean,precision_cv_std
0,0.9529838063171395,0.07844400954857507
