,precision_cv_mean,precision_cv_std
0,0.9537658062102508,0.07633964391807051
