,precision_cv_mean,precision_cv_std
0,0.9513986713986714,0.08252246050708721
