,precision_cv_mean,precision_cv_std
0,0.8415488215488216,0.20015959690092552
