,precision_cv_mean,precision_cv_std
0,0.9031313131313132,0.1561856145615415
