,precision_cv_mean,precision_cv_std
0,0.9357338086749852,0.11413781850418714
