,precision_cv_mean,precision_cv_std
0,0.9493181818181818,0.08754415102139412
