,precision_cv_mean,precision_cv_std
0,0.9523973063973062,0.07998094185126672
