,precision_cv_mean,precision_cv_std
0,0.8826038159371493,0.17452795904936666
