,precision_cv_mean,precision_cv_std
0,0.9457653457653459,0.09540634521694201
