,precision_cv_mean,precision_cv_std
0,0.9432938076416338,0.10043954394674402
