,precision_cv_mean,precision_cv_std
0,0.9450074074074075,0.09698433088231384
