,precision_cv_mean,precision_cv_std
0,0.9268168868168868,0.12785707489571804
