,precision_cv_mean,precision_cv_std
0,0.9535169880624426,0.0770163133775567
