,precision_cv_mean,precision_cv_std
0,0.8943338143338142,0.1646113052796987
