,precision_cv_mean,precision_cv_std
0,0.9506378066378066,0.08439957671469947
