,precision_cv_mean,precision_cv_std
0,0.954860606060606,0.07327807689024539
