,precision_cv_mean,precision_cv_std
0,0.9544500561167228,0.07444280842899013
