,precision_cv_mean,precision_cv_std
0,0.9526977087952697,0.0791980013641568
