,precision_cv_mean,precision_cv_std
0,0.9295238095238094,0.12392089204449434
