,precision_cv_mean,precision_cv_std
0,0.9540038061777194,0.07568596880166208
