,precision_cv_mean,precision_cv_std
0,0.9387843345738082,0.10888135081383327
