,precision_cv_mean,precision_cv_std
0,0.9502238066943951,0.08540077083807927
