,precision_cv_mean,precision_cv_std
0,0.9464671405412146,0.09391615768124116
