,precision_cv_mean,precision_cv_std
0,0.947725531173807,0.09116960474935885
