,precision_cv_mean,precision_cv_std
0,0.9400808080808081,0.10654242458239016
