,precision_cv_mean,precision_cv_std
0,0.9154478114478115,0.1426526754188986
