,precision_cv_mean,precision_cv_std
0,0.9412538079204745,0.1043672262828032
