,precision_cv_mean,precision_cv_std
0,0.9517490696438065,0.08164110143577194
