,precision_cv_mean,precision_cv_std
0,0.9542316784869977,0.07505406779575845
