,precision_cv_mean,precision_cv_std
0,0.9488215488215487,0.08869364004142953
